Character,Time
AB,1789
BI,1340
IG,1061
GC,1815
CA,2390
AT,2376
TD,1791
DR,1944
RN,1940
NK,1353
KE,965
EG,806
GG,1296
GS,1300
SF,1391
FR,1344
RO,1381
OM,1625
MG,1387
GA,1788
AR,1798
RD,1195
DE,1199
EN,957
NH,1006
HE,1292
EN,1238
NS,1241
SI,1394
IT,1450
TJ,1399
JO,1502
OK,1605
KE,1463
ED,1552
DK,1324
KN,934
NO,1355
OC,1542
CK,1490
KE,1699
ED,1797
DL,1661
LE,1658
EF,1648
FT,1749
TA,1990
AB,1529
BI,1038
IG,1258
GC,1712
CA,2050
AT,1829
TD,1488
DR,1950
RA,2046
AK,1492
KE,1193
EG,1150
GG,1163
GS,1658
SF,1993
FR,1553
RO,1353
OM,1257
MG,1105
GA,1349
AR,1551
RD,1557
DE,1366
EN,1256
NH,1490
HE,1343
EN,1252
NS,1441
SI,1437
IT,1491
TJ,1388
JO,1191
OK,1402
KE,1907
ED,2406
DK,2105
KN,1502
NO,1490
OC,1589
CK,1500
KE,1496
ED,1889
DL,1895
LE,1488
EF,1482
FT,1474
TM,1265
MO,1189
OR,1311
RE,1307
EN,1201
NO,1206
ON,1199
NS,1797
SE,1909
EN,1206
NS,1603
SE,1904
EO,1301
OR,1600
RP,1700
PO,1289
OR,1396
RK,1313
KQ,1598
QU,1590
UI,1396
IC,1576
CK,1374
KL,1303
LY,1408
YR,2362
RA,2757
AN,1696
NS,1490
SI,1491
ID,1300
DE,1494
EW,2943
WA,3446
AY,1799
YS,1503
ST,1495
TO,1082
OU,1398
UN,1415
ND,1501
DE,2599
ER,2805
RV,1984
VI,1486
IK,1407
KI,1605
IN,1402
NG,1206
GS,1604
SW,2096
WE,2014
ET,1914
TX,1705
XR,1910
RA,2104
AY,1507
YO,1214
ON,1204
ND,1298
DE,1405
ER,1405
RZ,1305
ZO,1103
OO,1100
OA,1751
AD,1598
DD,1050
DI,1438
IT,1542
TI,1563
IO,1555
ON,1543
NA,1536
AL,1343
LB,1325
BR,1365
RI,1640
IC,1640
CK,1450
KS,1658
SC,1788
CA,1743
AU,1156
US,1554
SE,2144
ED,1792
DA,1753
AM,1552
MA,1650
AG,1551
GE,1360
EL,1349
LE,1276
EX,1753
XC,1854
CL,1540
LA,1356
AI,1359
IM,1450
ME,1448
ED,1756
DF,1704
FA,1564
AT,1748
TG,1690
GE,1560
EN,1538
NI,1647
IU,1655
US,1535
SH,1545
HA,1601
AR,1244
RR,848
RY,941
YI,1140
IN,1303
NJ,1387
JU,1289
UL,1300
LY,1398
YK,1299
KI,1302
IL,1303
LL,1494
LE,1792
ER,1802
RL,1508
LL,1301
LA,1304
AM,1007
MA,1502
AS,2195
SM,1695
MA,1606
AS,1605
SS,1700
SA,1897
AC,1897
CR,1898
RE,1803
ED,2092
DN,1773
NI,1484
IN,1597
NE,1417
EO,1218
OL,1210
LD,1715
DP,1803
PE,2197
EO,2098
OP,1200
PL,1313
LE,1614
EQ,1802
QU,1503
UI,1299
IC,1587
CK,1589
KL,1400
LY,1491
YR,1536
RI,1402
IC,1452
CK,1556
KS,2117
SA,2552
AW,2352
WT,2113
TE,1552
EN,1359
NU,1422
UN,1356
NU,1455
US,1459
SU,1461
UA,1362
AL,1265
LV,1422
VN,1420
NW,1544
WI,1541
IT,1066
TH,961
HX,1713
XE,1745
EN,1350
NI,1470
IL,1395
LY,1560
YO,1576
OU,1570
UT,2064
TH,2046
HF,1548
FU,1352
UL,1349
LZ,1590
ZO,1430
OE,1341
EA,1963
AB,2066
BO,1604
OY,1406
YC,1902
CA,2296
AN,1689
ND,1188
DO,1292
OE,1491
EV,1507
VE,2174
ER,2462
RY,1697
YT,1289
TH,1091
HI,1103
IN,902
NG,996
GF,1601
FO,1509
OR,1387
RG,1686
GI,1400
IR,1300
RL,1503
LH,1201
HI,997
IS,1098
SI,1199
IN,1301
NT,1308
TE,2469
ER,2958
RE,1697
ES,1495
ST,1595
TJ,1301
JU,1203
US,1300
ST,1283
TK,1378
KI,1391
IN,1294
ND,1588
DL,1491
LE,1596
ED,1997
DL,1699
LO,1400
OV,1499
VE,1503
EM,1203
MO,1100
OS,1203
ST,1410
TL,1399
LY,1489
YN,1503
NO,1204
OT,1496
TO,1501
OF,1601
FP,1598
PA,1593
AS,1494
SS,1196
SI,1390
IO,1592
ON,1607
NQ,1710
QU,1803
UE,1499
ES,1404
ST,1402
TI,1386
IO,1482
ON,1790
NI,1601
IN,1297
NG,1613
GR,1817
RE,1998
EA,1991
AS,1695
SO,1503
ON,1296
NI,1491
IN,1596
NG,1605
GS,1799
SE,1594
EN,1291
NT,1289
TI,1198
IM,1294
ME,1296
EN,1100
NT,1502
TT,1505
TH,1303
HO,1387
OU,1458
UG,1572
GH,1897
HU,1788
US,1691
SU,1697
UA,1394
AL,1200
LL,902
LY,1099
YV,1803
VE,2105
ER,2004
RY,1707
YW,1594
WE,1588
EL,1089
LL,988
LE,1301
EX,1816
XE,1914
EM,1301
MP,1098
PT,1499
TI,1603
IN,1399
NG,1498
GY,1399
YO,1294
OU,1298
UR,1502
RZ,1699
ZO,1602
ON,1498
NE,1490
EA,1997
AL,1697
LW,2504
WA,3415
AY,1910
YS,1386
SB,1786
BR,1591
RI,1384
IN,1396
NG,1601
GC,1802
CO,1709
OC,1503
CK,1394
KE,1394
ED,1491
DD,1399
DI,1193
IN,1190
NN,1398
NE,1899
ER,1887
RE,1994
EJ,1910
JA,1397
AC,1597
CU,1502
UL,1203
LA,1196
AT,1181
TE,1591
EF,1605
FO,1304
OR,1500
RG,1600
GR,1802
RE,1495
EE,1180
EN,1383
NH,1300
HI,1216
IP,1318
PP,1505
PO,1404
OS,1203
SI,1301
IJ,1303
JU,1305
US,1613
ST,1511
TK,1202
KI,1292
IL,1290
LL,1297
LE,1296
ED,2083
DL,2187
LE,1398
EM,1292
MM,1397
MY,1502
YM,1498
MA,1488
AG,1388
GI,1294
IK,1581
KO,1584
OO,1300
OP,1087
PA,1186
AN,1597
NO,1385
OO,1280
OR,1901
RA,2108
AN,1497
NG,1285
GE,1569
ES,1973
SP,1698
PE,1206
EE,1405
EL,1506
LQ,1306
QU,1700
UI,2092
IE,1803
ET,1610
TL,1505
LY,1599
YR,1697
RE,2451
EA,2764
AL,1724
LL,1609
LY,1711
YS,1734
SO,1590
OM,1181
ME,1472
ET,1669
TI,1575
IM,1376
ME,1374
ES,1580
ST,1429
TE,1715
EU,1803
UM,1492
MB,1488
BR,1541
RE,1644
EL,1444
LL,1245
LA,1444
AS,1845
SV,1904
VI,1745
IO,1745
OL,1539
LA,1442
AT,1543
TE,1535
EW,2712
WA,3131
AN,1916
NK,1501
KI,1454
IN,1455
NG,1598
GX,1898
XE,1795
EN,1495
NO,1571
OP,1271
PH,1229
HO,1216
OB,1045
BI,1168
IC,1453
CY,1202
YE,1068
ET,1258
TI,1050
IS,1544
SZ,1805
ZI,1369
IN,1410
NI,1401
IF,1279
FY,1483
YA,1612
AM,1368
MA,1251
AZ,1490
ZI,1501
IN,1406
NG,1358
GL,1255
LY,1280
YB,1476
BI,1550
IL,1456
LL,1398
LC,1546
CA,1948
AR,1798
RR,1658
RI,1562
IE,1310
ED,1668
DD,2119
DI,1583
IA,1124
AN,1199
NN,1136
NE,1335
EE,1440
EN,1231
NR,1592
RT,1734
TI,1231
IR,1385
RE,1728
EF,1842
FR,1291
RO,1000
OM,1190
MG,1483
GR,1584
RE,1887
EA,2115
AT,2096
TH,2087
HE,1592
EI,1380
IG,1487
GH,1404
HT,908
TS,1110
SI,1596
IN,1493
NT,1402
TE,2298
ER,2756
RE,2205
ES,1951
ST,1807
TI,1603
IN,1394
NG,1444
GL,1340
LY,1403
YJ,1509
JE,1550
ER,1356
RR,1251
RO,1355
OD,1800
DK,1977
KI,1435
IN,1438
ND,1400
DL,1311
LY,1504
YL,1202
LA,1192
AU,1694
UD,1899
DE,1738
ED,1845
DM,1764
MA,1258
AN,1175
NY,1174
YN,1400
NO,1197
ON,1098
NO,1497
OP,1394
PP,1295
PO,1398
OS,1300
SI,1287
IN,1188
NG,1196
GP,1500
PE,1507
EO,1292
OP,1285
PL,1391
LE,1511
EQ,1514
QU,1894
UI,1898
IE,1503
ET,1502
TL,1397
LY,1486
YR,1887
RU,1797
US,1600
ST,1800
TY,1701
YS,1402
SU,1199
UD,1590
DD,2192
DE,2014
EN,1372
NL,1260
LY,1421
YT,1607
TE,1661
EA,2072
AR,2507
RE,1955
ED,1650
DU,1701
UP,1519
PV,1417
VI,1396
IO,1396
OL,1350
LE,1552
EN,1573
NT,1579
TL,1523
LY,1269
YW,2018
WE,2267
EN,1527
NT,1466
TW,1619
WE,1586
EN,1521
NT,1556
TX,1944
XE,1901
EN,1414
NO,1259
OP,1333
PH,1371
HO,1393
OB,1315
BI,1147
IC,1338
CY,1504
YE,1446
ES,1733
SZ,2199
ZO,1704
OO,1304
OE,1639
EY,1636
YA,1700
AN,1559
NO,1263
OT,1225
TH,1016
HE,2252
ER,3054
RC,2048
CO,1450
OL,1409
LD,1955
DA,2017
AN,1567
ND,1689
DS,1592
SN,1251
NO,1346
OW,1502
WY,1651
YW,1677
WI,1439
IN,1229
NT,1069
TE,1699
ER,2255
RN,1657
NI,1355
IG,1326
GH,1171
HT,1242
TI,1097
IT,1420
TW,2325
WA,3113
AS,3009
SB,1701
BU,1112
UT,1313
TS,1379
SH,1278
HE,1402
ET,1802
TR,1801
RI,1402
IE,1193
ED,1393
DT,1411
TO,1223
OC,1410
CL,1489
LO,1288
OS,1862
SE,2149
EH,1467
HE,1446
ER,1564
RE,1455
EY,1339
YE,1490
ES,1952
SA,2062
AN,1560
ND,1894
DG,2135
GO,1490
OT,1497
TO,1387
OS,1396
SL,1398
LE,1185
EE,1172
EP,1381
PC,1698
CU,1508
UD,1509
DD,1698
DL,1401
LE,1467
ED,1765
DU,1831
UN,1529
ND,1759
DE,2161
ER,1696
RN,1293
NE,1595
EA,2019
AT,1825
TH,1399
HT,1259
TH,1358
HE,1683
EB,1779
BL,1450
LA,1362
AN,1601
NK,1539
KE,1339
ET,1654
TA,1855
AN,1579
ND,1892
DS,2085
SH,1679
HI,1493
IV,1521
VE,1929
ER,1848
RI,1355
IN,1302
NG,1795
GD,2199
DA,2099
AI,1599
IL,1299
LY,1297
YA,1312
AT,1381
TT,1470
TE,2097
ER,2395
RW,2104
WO,1595
OR,1291
RK,1304
KS,1502
SH,1561
HE,1661
EU,1638
US,1441
SE,1670
ED,1666
DT,1342
TO,845
OR,1196
RE,1890
EA,1537
AC,1329
CH,1448
HH,1354
HO,1288
OM,1281
ME,1487
EO,1384
ON,1189
NL,1207
LY,1628
YB,1825
BY,1498
YN,1287
NI,1392
IG,1504
GH,1212
HT,1311
TE,1919
EA,2317
AR,1993
RL,1694
LY,1605
YT,1307
TO,1111
OD,2007
DA,2394
AY,1688
YS,1710
SH,1424
HE,1188
EH,1370
HA,2285
AS,2701
SD,1914
DR,1712
RE,1900
EA,2093
AC,2074
CH,1577
HE,1307
ED,1815
DC,1804
CO,1505
OM,1604
MP,1484
PA,1388
AR,1593
RE,1683
ED,1893
DT,1877
TO,1381
OT,1471
TH,1664
HE,1596
EO,1399
OT,1204
TH,1344
HE,2431
ER,2890
RD,2901
DA,2797
AY,1784
YS,1602
SF,1644
FA,1581
AR,1544
RA,1561
AW,2466
WA,3295
AY,2264
YW,1267
WI,1457
IT,1465
TH,1313
HI,1271
IN,1166
NT,1162
TH,1361
HE,1798
EC,1794
CI,1396
IT,1659
TY,1554
YH,1188
HE,1498
ER,1706
RO,1388
OF,995
FF,1177
FI,1265
IC,1296
CE,1802
EW,2328
WA,3339
AS,3313
SL,2001
LO,1319
OC,1619
CA,1795
AT,1995
TE,1899
ED,1482
DG,1536
GE,1653
EN,1311
NE,930
ER,1117
RO,1463
OU,1465
US,1493
SW,1693
WI,1385
IT,1248
TH,1154
HB,1156
BO,1267
OT,1207
TH,1273
HT,1262
TI,1264
IM,1267
ME,1495
EA,1597
AN,1289
ND,1711
DM,1720
MO,1299
ON,1397
NE,1195
EY,890
YS,1189
SH,1558
HE,1851
EA,1862
AL,1372
LW,2273
WA,3873
AS,3402
SY,1697
YS,1194
SW,1813
WA,2961
AS,3070
SH,2022
HU,1402
UM,1204
MB,1302
BL,1001
LE,1301
EA,2096
AN,1699
ND,1598
DD,1799
DO,1403
OW,1195
WN,1190
NT,1291
TO,1298
OE,2306
EA,3406
AR,2495
RT,1310
TH,1017
HA,1198
AH,1295
HI,1101
IN,1300
NM,1402
MM,1205
MA,1398
AN,1383
NB,1314
BE,1338
EI,1208
IN,912
NG,1153
GI,1436
IL,1143
LL,1136
LS,1299
SH,1300
HE,1690
EW,2886
WA,3980
AS,3681
ST,2088
TH,1198
HA,1588
AT,1773
TD,1583
DA,1500
AY,1398
YA,1775
AN,1676
ND,1810
DH,1726
HA,1416
AV,1903
VI,1606
IN,1315
NG,1609
GA,1700
AH,1295
HE,2202
EA,2801
AD,1912
DA,1506
AC,1686
CH,1503
HE,1410
EA,1707
AT,1604
TF,1792
FT,1577
TE,1886
ER,2495
RA,1586
AL,968
LL,1178
LT,1199
TH,1103
HA,1296
AT,1796
TS,1900
ST,1407
TR,1115
RA,1188
AI,1379
IN,1541
NJ,1467
JU,1414
US,1280
ST,1091
TB,1090
BA,1292
AC,1405
CK,1178
KH,871
HO,1027
OM,1330
ME,1696
EA,1893
AF,1785
FT,1475
TR,1787
RE,2372
ER,2271
RA,2011
AH,1515
HA,1661
AR,1757
RD,1606
DD,2107
DA,2202
AY,1594
YS,1094
SW,1199
WO,1296
OR,1290
RK,1391
KA,1409
AT,1468
TO,1361
OF,1091
FF,1186
FI,1199
IC,1307
CE,1810
EK,1800
KI,1311
IN,1012
ND,1191
DN,1285
NS,1105
SS,1324
SS,1507
SH,1190
HE,1061
EL,1162
LW,2295
WA,3299
AY,2306
YS,1808
SS,2030
SH,1526
HO,1190
OW,1495
WE,1789
ED,2038
DT,1754
TO,1099
OE,1093
EV,1492
VE,1939
ER,2137
RY,1688
YB,974
BO,994
OD,1421
DY,1402
YL,1263
LI,1464
IG,1491
GH,1508
HT,1613
TN,1403
NI,1207
IN,1398
NG,1595
GA,1455
AN,1242
ND,1885
DT,1893
TH,1211
HU,1465
UN,1547
ND,1398
DE,1505
ER,1607
RW,2402
WA,3609
AS,3358
SS,2340
ST,1786
TR,1392
RI,1082
IK,1142
KI,1250
IN,1196
NG,1063
GE,1353
EV,1391
VE,1073
ER,1565
RY,1723
YN,1228
NO,848
OW,1372
WA,1917
AN,1393
ND,1291
DT,1298
TH,1002
HE,1278
EN,1472
NO,1494
OU,1556
UT,1357
TS,1491
SI,1496
ID,1290
DE,1388
EM,1503
MU,1535
US,1537
SI,1401
IC,1602
CW,2404
WA,3547
AS,3346
SP,2102
PU,1383
UT,1382
TO,1608
ON,1415
NA,2212
AS,2980
SL,2123
LO,1276
OU,1229
UD,1602
DA,2406
AS,2955
SE,2341
EV,1686
VE,2907
ER,3110
RI,1748
IN,1455
NT,1402
TH,1193
HE,1502
EA,1753
AP,1347
PA,1400
AR,1698
RT,1396
TM,1395
ME,1492
EN,1428
NT,1436
TN,1209
NE,1400
EX,1582
XT,1287
TT,1196
TO,1186
OH,1287
HE,1596
ER,1604
RS,1538
SN,1531
NO,1410
OW,1595
WS,1678
SH,1149
HE,1755
EB,1999
BE,1521
EG,1526
GA,1505
AN,1551
ND,1660
DO,1712
OU,1395
UB,1494
BT,1816
TI,1716
IN,1501
NG,1897
GI,1694
IF,1689
FS,1787
SH,1298
HE,1703
EH,1703
HA,1899
AD,2794
DT,2097
TO,1289
OC,1392
CH,1501
HA,1495
AN,1259
NG,1165
GE,1700
EH,1686
HE,1587
ER,2086
RW,2873
WA,3853
AS,3495
SO,2021
OF,1599
FT,1843
TH,1529
HI,1519
IN,1734
NK,1711
KI,1389
IN,1221
NG,1561
GO,1520
ON,1191
NE,1195
EC,1296
CE,1491
EA,1496
AG,1304
GA,1407
AI,1510
IN,1309
NS,1706
SH,1691
HE,1687
ET,1748
TH,1352
HO,1399
OU,1407
UG,1310
GH,999
HT,1497
TO,1648
OF,1354
FG,1395
GI,1091
IV,1499
VI,1599
IN,1149
NG,1583
GH,1636
HE,2101
ER,2749
RB,1806
BE,1551
EG,1696
GA,1487
AN,1290
ND,1302
DO,1498
OU,1410
UB,1381
BT,1470
TI,1457
IN,1041
NG,1379
GN,1388
NE,1995
ES,3105
ST,2518
TY,1714
YN,1255
NE,1554
EI,1696
IG,1198
GH,1102
HB,1297
BO,1299
OR,1847
RA,2145
AN,1621
NO,1423
OT,1598
TH,1497
HE,2454
ER,3155
RC,2008
CH,1505
HA,1399
AN,1403
NC,1722
CE,1810
EP,1693
PE,1693
EO,1593
OP,1404
PL,1601
LE,2010
EA,1951
AC,1621
CE,1487
ER,1570
RT,1466
TA,1397
AI,1393
IN,1195
NL,1391
LO,1426
OT,1937
TA,2448
AR,2241
RE,2000
EN,1703
NO,1700
OT,1703
TV,1353
VE,1379
ER,1834
RY,2008
YC,1465
CO,1059
ON,1194
NC,1387
CE,2101
ER,2302
RN,1601
NE,1461
ED,1754
DA,1764
AB,1656
BO,1292
OU,1086
UT,1589
TT,1799
TH,1504
HE,1743
EI,1640
IR,1611
RN,1723
NE,1463
EI,1341
IG,1293
GH,1397
HB,1495
BO,1502
OR,1792
RS,2337
SQ,2100
QU,1748
UI,1602
IV,1415
VE,1803
ER,1945
RI,1443
IN,1297
NG,1671
GS,1837
SH,1365
HE,1896
ED,2209
DI,1494
ID,1637
DN,1756
NO,1399
OT,1696
TE,1898
EV,1598
VE,1555
EN,1454
NH,1297
HA,1396
AV,1499
VE,1908
EE,1860
EN,1255
NO,1304
OU,1382
UG,1282
GH,1188
HE,1572
EN,1432
NE,1457
ER,1712
RG,1796
GY,1887
YT,1590
TO,1287
OG,1196
GE,1608
ET,1599
TU,1640
UP,1445
PF,1054
FO,1151
OR,1190
RM,1181
MH,1090
HE,1296
ER,1705
RB,1512
BE,1303
ED,1590
DR,1791
RU,1504
UD,1402
DE,1682
EA,1496
AN,1211
ND,1779
DU,1875
UN,1239
NK,1246
KI,1372
IN,1274
ND,1806
DH,1503
HE,1104
ER,1670
RN,1564
NI,1315
IE,1415
EG,1437
GH,1043
HB,1009
BO,1157
OR,1450
RW,2795
WA,3898
AS,3795
SA,3194
AN,1938
ND,1554
DS,1718
SH,1305
HE,1878
EK,1877
KN,1347
NE,2043
EW,2389
WI,1790
IT,1799
TA,3201
AS,3198
SN,1917
NO,1422
OU,1299
US,2180
SE,2681
EA,1894
AR,1589
RG,1496
GI,1206
II,1196
IN,1191
NG,1286
GS,1866
SO,1589
OI,1114
IR,1203
RR,1149
RI,1140
IT,1194
TA,1403
AI,1310
IN,1096
NG,1392
GW,2110
WA,3052
AS,3065
ST,2016
TH,1359
HE,1760
EL,1954
LO,1560
OU,1504
UD,1598
DN,1498
NO,1196
OI,1096
IS,1648
SE,2255
EI,1811
IN,1618
NT,1516
TH,1102
HE,1599
EN,1700
NE,1395
EI,1394
IG,1390
GH,1687
HB,1783
BO,1543
OR,1346
RI,1396
IN,1410
NG,1918
GA,1918
AP,1704
PA,1866
AR,1869
RT,1833
TM,1535
ME,1307
EN,1162
NT,1558
TT,1894
TH,1381
HE,1287
EN,1591
NE,1691
EI,1396
IG,992
GH,1192
HB,1284
BO,1390
OR,1992
RD,2093
DI,1503
ID,1757
DN,1788
NO,1222
OT,1791
TE,2001
EN,1383
NE,1486
EN,1496
NB,1292
BO,1301
OT,1301
TH,1295
HE,2293
ER,2928
RT,2042
TO,1413
OR,1516
RE,1606
ED,1537
DU,1643
UC,1703
CE,1844
ET,1639
TH,1298
HE,1704
EV,2014
VO,1509
OL,1449
LU,1449
UM,1323
ME,1938
EA,2015
AL,1600
LI,1395
IT,851
TT,1046
TL,1386
LE,1595
EB,1701
BI,1197
IT,1305
TU,1505
UN,1291
NA,1098
AB,1085
BL,1188
LE,1392
ET,1629
TO,1650
OS,1508
SL,1286
LE,1092
EE,1305
EP,1434
PA,1220
AN,1184
ND,1593
DR,1684
RE,1494
ED,1906
DW,2199
WI,1895
IT,1506
TH,1312
HR,2101
RA,2799
AG,1902
GE,2099
EB,2200
BU,1182
UT,1391
TS,1907
SH,1596
HE,2117
ET,2420
TR,1701
RI,1704
IE,1986
ED,2203
DB,1828
BS,1507
ST,1699
TN,1600
NO,1292
OT,1596
TT,1701
TO,1198
OL,1301
LO,1280
OS,1881
SE,2304
EH,1611
HE,1305
ER,1498
RT,1586
TE,1584
EM,1506
MP,1213
PE,1707
ER,2196
RV,2091
VE,1696
ER,1445
RY,1648
YT,1622
TR,1818
RI,1697
IE,1425
ED,2031
DS,2004
SH,1497
HE,2021
EW,2622
WA,3409
AS,2920
ST,1453
TO,1240
OE,1194
EN,1181
NE,1391
EN,1507
NT,1293
TH,1188
HI,1191
IN,1190
NK,1191
KO,1192
OF,1743
FG,1848
GO,1387
OI,1285
IN,1285
NG,1491
GA,1403
AN,1198
ND,1956
DT,2142
TA,1376
AL,1285
LK,1383
KI,1381
IN,1398
NG,1505
GT,1795
TO,1599
OH,1203
HE,1402
ER,1895
RH,1683
HN,895
NE,999
EI,1409
IG,1404
GH,1391
HB,1703
BO,1402
OR,1303
RW,2145
WH,1858
HA,1617
AT,2200
TT,1960
TO,1363
OD,1197
DO,1193
OS,1595
SH,1613
HE,1812
EW,2617
WA,3572
AS,3754
SA,2301
AL,1293
LS,1387
SF,1421
FR,1334
RI,1309
IG,1186
GH,1305
HT,1629
TE,2007
EN,1803
NE,1396
ED,1615
DT,1669
TO,1355
OO,1167
OP,1261
PE,1398
EN,1286
NT,1389
TH,1358
HE,1574
ED,1718
DO,1311
OO,1305
OR,1793
RA,1896
AT,1702
TN,1598
NI,1285
IG,1194
GH,1301
HT,1496
TX,2049
XE,1858
EN,1195
NI,1149
IA,1155
AL,1289
LK,1313
KI,1319
IN,1451
ND,1649
DO,1602
OF,1903
FP,1797
PE,1404
ER,1507
RO,1545
OS,1450
SO,1006
ON,1105
NS,1705
SH,1604
HE,1217
EA,1374
AL,1369
LW,2212
WA,3596
AY,2488
YS,1621
SW,2221
WA,3194
AS,3503
ST,2308
TO,1509
OA,1197
AL,1195
LL,1123
LH,1113
HE,1497
ER,2009
RN,1701
NE,1337
EI,1334
IG,1284
GH,1687
HB,1939
BO,1454
OR,1313
RS,1498
SY,1306
YE,1212
ES,1503
ST,1489
TH,1281
HE,1694
EN,1796
NO,1597
OI,1405
IS,1511
SE,1996
EW,2289
WA,3304
AS,3280
SS,1882
SO,1479
OM,1669
MM,1597
MU,1304
UC,1399
CH,1792
HI,1588
IR,1230
RR,1140
RI,1109
IT,1410
TA,1506
AI,1298
IN,1221
NG,1625
GB,1405
BU,1006
UT,1410
TS,1308
SH,1006
HE,1709
EU,2079
UF,1677
FF,1591
FE,1438
ER,1439
RE,1686
ED,1908
DI,1613
IT,1497
TA,1498
AL,1199
LL,1294
LZ,1793
ZZ,1997
ZZ,1903
ZZ,2063
ZZ,2060
ZZ,2097
ZA,1503
AN,991
ND,1869
DF,1872
FI,1241
IN,1045
NA,1084
AL,1194
LL,1099
LY,1394
YS,1388
SH,1009
HE,1116
EM,1313
MA,1316
AN,1502
NA,1411
AG,1197
GE,1291
ED,1854
DT,1750
TO,1139
OS,1151
SO,1314
OM,1457
ME,1452
EH,1201
HO,1064
OW,1556
WD,1785
DO,1401
OZ,1713
ZE,2214
EO,1608
OF,1145
FF,1457
FT,1451
TO,1146
OS,1500
SL,1653
LE,1163
EE,1109
EP,1160
PD,2181
DA,2224
AY,1188
YA,1952
AB,2154
BI,1283
IG,1341
GC,1999
CA,2456
AT,2128
TD,1372
DR,1350
RA,1457
AN,1355
NK,1244
KE,1100
EG,1137
GG,1224
GS,1145
SS,859
SF,1203
FR,1557
RO,1270
OM,1155
MG,1185
GA,1337
AE,1336
ED,1136
DE,1252
EN,1152
NH,996
HE,1008
EN,1008
NS,1145
SI,1110
IT,1253
TJ,1189
JO,1152
OK,1224
KE,1120
ED,1451
DK,1496
KN,1437
NO,1438
OC,1245
CK,1038
KE,902
ED,1410
DL,1599
LE,1442
EF,1629
FT,1644
TM,1405
MO,1202
OR,1302
RE,1544
EN,1395
NO,1049
ON,1045
NS,1152
SE,1242
EN,1192
NS,1601
SE,1857
EO,1315
OR,1250
RP,1410
PO,1262
OR,1308
RK,1209
KQ,1194
QU,1244
UC,1096
CK,1144
KL,1131
LY,1291
YR,2270
RA,2516
AN,1603
NS,1401
SI,1353
ID,1245
DE,1305
EW,2338
WA,3231
AY,2106
YS,1438
ST,1673
TO,1345
OU,1065
UN,1224
ND,1465
DE,1449
ER,1250
RV,1192
VI,1431
IK,1531
KI,1397
IN,1324
NG,1167
GS,1193
SW,1882
WE,2235
ET,2244
TX,2016
XR,2125
RA,2368
AY,1460
YY,995
YO,1147
ON,1081
ND,1393
DE,1643
ER,2173
RZ,2137
ZO,1152
OO,1250
OA,2000
AD,1803
DD,1195
DI,1293
IT,1305
TI,1807
IO,1703
ON,1067
NA,1487
AL,1619
LB,1585
BR,1580
RI,1387
IC,1500
CK,1408
KS,1402
SC,1597
CA,1607
AU,1186
US,1943
SE,3097
ED,2634
DA,1933
AM,1240
MA,1210
AG,1710
GE,1811
EE,1501
EX,1393
XC,1600
CL,1504
LA,1326
AM,1326
MI,1500
IM,1401
ME,1406
ED,1910
DF,2111
FA,2000
AT,1809
TG,1629
GE,1822
EN,1607
NI,1184
IU,1190
US,1396
SH,1519
HA,1693
AR,1367
RR,1262
RY,1662
YI,1695
IN,1385
NJ,1042
JU,1153
UL,1148
LL,1289
LY,1283
YI,986
IL,987
LL,1144
LE,1540
ER,1732
RL,1402
LL,1148
LA,949
AM,785
MA,1402
AS,2073
SM,1482
MA,1125
AS,1221
SS,1134
SA,1347
AC,1693
CR,1915
RE,1769
ED,1841
DN,1575
NI,1339
IN,1338
NE,1337
EO,1423
OL,1171
LD,1777
DP,1932
PE,1443
EO,1240
OP,1033
PL,1089
LE,1480
EQ,1563
QU,1343
UI,1541
IC,1636
CK,1336
KL,1133
LY,1645
YR,2062
RI,1699
IC,1187
CK,1086
KS,1384
SA,1586
AW,1809
WT,1721
TE,1401
EN,1304
NU,1302
UN,1303
NU,1195
US,1314
SU,1429
UA,1308
AL,1207
LV,1309
VA,1307
AN,1106
NS,1305
SW,1500
WI,1302
IT,1205
TH,1193
HX,1301
XE,1309
EN,1203
NI,1236
IA,1220
AL,1184
LY,1383
YO,1485
OI,1402
IT,1296
TH,1297
HF,1243
FU,1133
UL,1294
LZ,1702
ZO,1604
OE,1764
EA,2438
AB,1881
BO,1272
OT,1515
TC,1751
CA,1805
AN,1489
ND,1276
DO,1196
OE,1209
EV,1499
VE,1497
ER,1700
RY,1556
YT,1382
TH,1415
HI,1330
IN,1341
NG,2008
GF,2209
FO,1279
OR,1837
RG,2147
GI,1391
IR,1191
RL,1131
LH,1142
HI,1161
IS,1509
SI,1748
IN,1506
NT,1584
TE,2284
ER,2588
RE,1732
ES,1349
ST,1449
TJ,1553
JU,1508
US,1592
ST,1986
TK,1604
KI,1029
IN,915
ND,1616
DL,1825
LE,1961
ED,2465
DL,1899
LO,1204
OV,1399
VE,2082
EM,1988
MO,1688
OS,2097
ST,1799
TL,1299
LY,1429
YN,1418
NO,1314
OT,1419
TO,1300
OF,1972
FP,1971
PA,1491
AS,1585
SS,1513
SI,1509
IO,1402
ON,1310
NQ,1303
QU,1404
UE,1200
ES,1393
ST,1515
TI,1324
IO,1500
ON,2005
NI,1713
IN,1407
NG,1592
GR,1793
RE,2131
EA,1829
AS,1305
SO,1203
ON,1300
NI,1394
IN,1288
NG,1976
GS,2304
SE,1626
EN,1303
NT,1095
TI,1090
IM,1313
ME,1520
EN,1409
NT,1697
TT,1997
TH,1902
HO,1689
OU,1490
UG,1492
GH,1395
HU,1507
US,1492
SU,1490
UA,1591
AL,1397
LL,1506
LY,1804
YV,1508
VE,1507
ER,1971
RY,1766
YW,1892
WE,2192
EL,1523
LL,1121
LE,1300
EX,1546
XE,1545
EM,1304
MP,1303
PT,1391
TO,1406
ON,1233
NG,1510
GY,1460
YO,1076
OU,1308
UR,1403
RZ,1511
ZO,1414
ON,1106
NE,1302
EA,1795
AL,1588
LW,2286
WA,3392
AY,2297
YS,1883
SB,2272
BR,1694
RI,1307
IN,1110
NG,1411
GC,1389
CO,1091
OC,1034
CK,1030
KE,1189
ED,1589
DD,1897
DI,1394
IN,1102
NN,1305
NE,1243
ER,1755
RE,2376
EJ,1865
JA,1391
AC,1464
CU,1265
UL,1095
LA,1330
AT,1352
TE,1624
EF,1702
FO,1181
OR,1856
RG,2085
GR,1435
RE,1231
EE,1190
EN,1287
NH,1401
HI,1608
IP,1797
PP,1585
PO,1222
OS,1410
SI,1532
IJ,1343
JU,1199
US,1204
ST,998
TK,1100
KI,1291
IL,1190
LL,1296
LE,1202
ED,1305
DL,1386
LE,1188
EM,1286
MM,1385
MY,1500
YM,1305
MA,1302
AG,1488
GI,1358
IK,1464
KO,1487
OO,1401
OP,1209
PA,1591
AN,1864
NO,1321
OO,1152
OR,1463
RA,1450
AN,1293
NG,1401
GE,2195
ES,2601
SP,1806
PE,1204
EE,1295
EL,1611
LQ,1437
QU,1620
UI,1595
IE,1550
ET,1678
TL,1427
LY,1511
YR,1968
RE,2245
EA,2186
AL,1610
LL,1129
LY,1407
YS,1504
SO,1317
OM,1425
ME,1740
ET,1405
TI,1191
IM,1325
ME,1656
ES,2110
ST,1686
TH,1230
HE,2118
EU,2193
UM,1342
MB,1250
BR,1712
RE,2006
EL,1493
LL,1204
LA,1412
AS,1728
SV,1906
VI,2084
IO,1924
OL,1711
LA,1932
AT,1838
TE,1707
EW,2755
WA,2951
AN,1903
NK,1448
KI,1235
IN,1449
NG,2151
GX,2407
XE,1971
EN,1455
NO,1199
OH,1013
HO,1306
OB,1521
BI,1236
IC,1450
CY,1643
YE,1392
ET,1400
TI,1401
IS,1296
SZ,1236
ZI,1083
IN,1157
NC,1212
CI,1300
IF,1596
FY,1818
YA,2288
AM,2256
MA,1615
AZ,1422
ZI,1289
IN,1200
NG,1309
GL,1335
LY,1522
YB,1747
BI,1359
IL,1204
LL,1304
LC,1294
CA,1492
AR,1394
RR,1295
RI,1162
IE,1157
ED,1881
DD,2191
DI,1611
IA,1121
AN,1209
NN,1249
NE,1779
EE,1933
EN,1298
NT,1591
TI,1499
IR,1400
RE,1710
EL,1354
LY,1466
YF,1524
FR,1102
RO,1197
OM,1209
MG,1116
GR,1467
RE,2486
EA,2824
AT,2109
TH,1715
HE,1503
EI,1125
IG,1229
GH,1703
HT,1724
TS,1821
SI,1696
IN,1205
NT,1112
TE,1906
ER,2376
RE,1750
ES,1473
ST,1295
TI,1089
IN,1199
NG,1501
GL,1817
LY,1920
YJ,1729
JE,1469
ER,1340
RR,1401
RO,1364
OD,1683
DK,2023
KI,1461
IN,1238
ND,1485
DL,1326
LY,1529
YL,1584
LA,1180
AU,1200
UD,1359
DE,1633
ED,1773
DM,1513
MA,1208
AN,1196
NY,1441
YN,1624
NO,1509
ON,1428
NO,1397
OP,1502
PP,1730
PO,1526
OS,1303
SI,1219
IN,1241
NG,2194
GP,2091
PE,1357
EO,1246
OP,1310
PL,1406
LE,1710
ER,2033
RU,1737
US,1511
ST,1790
TY,1886
YS,1793
SU,1614
UD,1074
DD,1244
DE,1610
EN,1422
NL,1204
LY,1594
YT,1684
TE,1513
EA,2000
AR,1911
RE,1415
ED,1492
DU,1506
UP,1284
PV,1317
VI,1335
IO,1296
OL,1291
LE,1296
EN,1305
NT,1206
TL,1312
LY,1333
YW,1153
WN,1139
NE,1512
ET,1694
TX,1719
XE,1826
EN,1808
NO,1419
OP,1190
PH,1309
HO,1404
OB,1284
BI,1101
IC,1574
CY,1531
YE,1343
ES,1595
SZ,1710
ZO,1402
OO,1194
OE,1767
EY,1778
YA,2182
AN,2275
NO,1317
OT,1120
TH,1092
HE,1272
ER,1984
RC,1918
CO,1355
OL,1441
LD,2056
DA,1757
AN,1101
ND,1892
DS,1922
SN,1160
NO,1338
OW,1609
WY,1693
YW,1479
WI,1215
IN,1382
NT,1260
TE,1867
ER,2562
RN,1731
NI,1126
IG,1114
GH,1146
HT,1633
TI,1432
IT,1325
TW,2397
WA,3705
AS,3540
SB,2126
BU,1406
UT,1421
TS,1814
SH,1591
HE,1698
ET,1741
TR,1334
RI,1299
IE,1320
ED,1625
DT,1767
TO,1567
OC,1531
CL,1832
LO,1512
OS,2201
SE,2892
EH,1797
HE,2201
ER,3016
RE,1999
EY,1290
YE,1611
ES,2013
SA,1967
AN,1547
ND,1741
DG,1865
GO,1403
OT,1494
TO,1641
OS,1538
SL,1376
LE,990
EE,1047
EP,1336
PC,1798
CU,1704
UD,1227
DD,1626
DE,1746
ED,2443
DU,2327
UN,1330
ND,1706
DE,2164
ER,1970
RN,1432
NE,2459
EA,3666
AT,2623
TH,1993
HT,1915
TH,1313
HE,1745
EB,1913
BL,1272
LA,1405
AN,1502
NK,1181
KE,1477
ET,1695
TA,1618
AN,1185
ND,1650
DS,2053
SH,1469
HI,1629
IV,1916
VE,2097
ER,1805
RI,1170
IN,975
NG,1513
GD,1935
DA,1657
AI,1302
IL,1372
LY,1455
YA,1565
AF,1816
FT,1501
TR,1998
RE,3007
ER,2706
RW,1630
WO,1153
OR,1337
RK,1432
KS,1510
SH,1278
HE,1661
EI,1667
IU,1118
US,1831
SE,2019
ED,1781
DT,1376
TO,1036
OR,1890
RE,2840
EA,3024
AC,2257
CH,1227
HH,975
HO,962
OM,996
ME,1680
EO,1676
ON,1282
NL,1174
LY,1398
YB,1871
BY,2068
YN,1946
NI,1631
IG,1255
GH,966
HT,1613
TE,2629
EA,2723
AR,1807
RL,1220
LY,1508
YT,1604
TO,1274
OD,1873
DA,2304
AY,2003
YS,1785
SH,1212
HE,1551
EH,1718
HA,2409
AD,2515
DR,1621
RE,1910
EA,1895
AC,1809
CH,1496
HE,1147
ED,2064
DC,2407
CO,1540
OM,1240
MP,1504
PA,2408
AR,2348
RE,1544
ED,1705
DT,1709
TO,1297
OT,1102
TH,1202
HE,1818
EO,1917
OT,1598
TH,1602
HE,2428
ER,2695
RD,2367
DA,2077
AY,1478
YS,1557
SF,1977
FA,1869
AR,1414
RA,1471
AW,2186
WA,3129
AS,2843
SY,1669
YE,1803
EW,1939
WI,1415
IT,1308
TH,1302
HI,1214
IN,1141
NG,2046
GT,1918
TH,1030
HE,1433
EC,1804
CI,1461
IT,1382
TY,1881
YH,1665
HE,1304
ER,1401
RO,1310
OF,994
FF,1113
FI,1220
IC,1303
CE,1764
EW,2558
WA,3909
AS,3866
SL,2581
LO,1911
OC,1899
CA,2008
AT,2006
TE,1945
ED,2838
DG,2788
GE,1636
EN,1540
NE,1588
ER,1403
RO,1521
OU,1516
US,1566
SW,1780
WI,1520
IT,1111
TH,921
HB,1189
BO,1480
OT,1813
TH,1599
HT,1194
TI,1403
IM,1504
ME,1998
EA,2381
AN,1633
ND,1603
DM,1663
MO,1399
ON,1479
NE,1383
EY,1199
YS,1289
SH,1384
HE,1627
EA,1635
AL,1198
LW,2105
WA,3609
AS,3408
SY,1909
YS,1960
SW,2624
WA,3369
AS,3469
SH,2462
HU,1801
UN,1306
NB,1373
BL,1276
LE,1311
EA,1497
AN,1388
ND,1997
DD,2202
DO,1500
OW,1383
WN,1487
NT,1704
TO,1430
OE,2157
EA,3022
AR,2162
RT,1569
TH,1307
HA,1603
AH,1488
HU,1091
UM,1296
MA,1190
AN,1091
NB,1300
BE,1499
EI,1388
IN,1223
NG,1621
GI,1739
IL,1345
LL,1199
LS,1484
SH,1681
HE,2002
EA,3139
AS,3463
ST,2018
TH,1088
HA,1598
AT,2003
TD,2296
DA,2355
AY,1761
YA,1501
AN,1273
ND,1901
DH,1927
HA,1401
AV,1658
VI,1255
IN,1002
NG,1295
GA,1594
AH,1378
HE,1493
EA,1880
AD,1865
DA,1929
AC,1950
CH,1426
HE,1408
EA,1898
AF,1808
FT,1676
TE,2264
ER,2993
RA,2391
AL,1290
LL,1170
LT,1283
TH,1171
HA,1579
AT,2106
TS,1877
ST,1972
TR,2196
RA,1706
AI,1296
IN,1152
NJ,1528
JU,1577
US,1200
ST,1358
TB,1253
BA,1130
AC,1270
CK,1235
KH,1300
HO,1125
OM,830
ME,1507
EA,2412
AF,2041
FT,1371
TE,2334
ER,2827
RA,2328
AH,1696
HA,1259
AR,1587
RD,1925
DD,2516
DY,2152
YS,1642
SW,1758
WO,1586
OR,1333
RK,1195
KA,1398
AT,1727
TO,1778
OF,1411
FF,1317
FI,1273
IC,1242
CE,1836
EK,2049
KI,1575
IN,1321
ND,1720
DN,1563
NE,1333
ES,1283
SS,1189
SS,1508
SH,1402
HE,1267
EA,1572
AL,1592
LW,2492
WA,3415
AY,2208
YS,1596
SS,1695
SH,1127
HO,1043
OW,1611
WE,2030
ED,2232
DT,1903
TO,1200
OE,1322
EV,1721
VE,2497
ER,2902
RY,2386
YB,1790
BO,1134
OD,931
DY,1083
YL,1542
LI,1549
IG,1295
GH,1509
HT,1407
TI,1287
IN,1485
NG,1980
GA,1978
AN,1428
ND,1637
DT,1612
TH,1201
HU,1291
UN,1152
ND,1263
DE,1699
ER,1896
RW,2390
WA,3596
AS,3724
SS,2576
ST,1759
TR,1499
RI,1599
IK,1792
KI,1694
IN,1194
NG,1608
GE,1756
EV,1244
VE,1289
ER,1485
RY,1504
YN,1138
NO,937
OW,1499
WA,1701
AN,1359
ND,2053
DT,2110
TH,1412
HE,1341
EN,1240
NO,1200
OU,1301
UT,1599
TS,1792
SI,1492
ID,1502
DE,1797
EM,1804
MU,1518
US,1212
SI,1183
IC,1478
CW,2220
WA,3303
AS,3675
SP,2480
PU,1470
UT,1744
TO,1659
ON,1295
NA,2411
AS,3315
SL,2310
LO,1408
OU,1201
UD,2016
DA,3394
AS,3520
SE,2597
EV,1555
VE,2294
ER,2904
RI,1942
IN,1391
NT,1165
TH,995
HE,1399
EA,1850
AP,1528
PA,1886
AR,2261
RT,1683
TM,1631
ME,1512
EN,1193
NT,1393
TN,1455
NE,1242
EX,1178
XT,1796
TT,1806
TO,1207
OH,1211
HE,1307
ER,1588
RS,1569
SN,1589
NO,1514
OW,1508
WS,1508
SH,1214
HE,1778
EB,2077
BE,1520
EG,1201
GA,1283
AN,1287
ND,1233
DO,1230
OU,1409
UB,1697
BT,1584
TI,1316
IN,1196
NG,1690
GI,1563
IF,1682
FS,1995
SH,1375
HE,1850
EH,1854
HA,2209
AD,2479
DT,1494
TO,1214
OC,1196
CH,1202
HA,1549
AN,1552
NG,1289
GE,1779
EP,1989
PE,1700
EO,1413
OP,1209
PL,1024
LE,1830
EA,2019
AC,1620
CE,1907
ER,1688
RT,2192
TA,2604
AI,1950
IN,1354
NL,1260
LO,1251
OT,1903
TA,2406
AR,1694
RE,1491
EN,1457
NO,1157
OT,2027
TV,2234
VE,2201
ER,2694
RY,2197
YC,1864
CO,1659
ON,1300
NC,1854
CE,2451
ER,1990
RN,1223
NE,1140
ED,1904
DA,1798
AB,1304
BO,1300
OU,1246
UT,2163
TT,2219
TH,1500
HE,1616
EI,1256
IR,1778
RN,2747
NE,2304
EI,1598
IG,1599
GH,1701
HB,1197
BO,997
OR,1099
RS,1293
SQ,1695
QU,1811
UI,2011
IV,1885
VE,1909
ER,1949
RI,1428
IN,1393
NG,1954
GS,1969
SH,1413
HE,1801
ED,1889
DI,1385
ID,1778
DN,1693
NO,1210
OT,1545
TE,1660
EV,1334
VE,1151
EN,1142
NH,1212
HA,1298
AV,1496
VE,2258
EE,1999
EN,1145
NO,1402
OU,1503
UG,1537
GH,1547
HE,1898
EN,1598
NE,1611
ER,2205
RG,1808
GY,1603
YT,1486
TO,1284
OG,1218
GE,1525
ET,1692
TU,1324
UP,1137
PF,1145
FR,1240
RO,1416
OM,1422
MH,1318
HE,1417
ER,1810
RB,1613
BE,1245
ED,1836
DR,2196
RU,1598
UD,1412
DE,1815
EA,1793
AN,1477
ND,1964
DU,2084
UN,1605
NK,1499
KI,1339
IN,1358
ND,1618
DH,1398
HE,1403
ER,2024
RN,1979
NE,1458
EI,1400
IG,1401
GH,1095
HB,1251
BO,1153
OR,1200
RW,2298
WA,3675
AS,3680
SA,2496
AN,1590
ND,2188
DS,2780
SH,1789
HE,1820
EK,1809
KN,1273
NE,1984
EW,2701
WI,1899
IT,1864
TW,2464
WA,2994
AS,3185
SN,1839
NO,1352
OU,1397
US,2194
SE,2603
EA,1698
AR,1385
RG,1277
GU,1390
UI,1515
IN,1317
NG,1797
GS,2395
SO,1757
OI,1121
IR,1367
RR,1510
RI,1314
IT,1402
TA,1900
AT,1697
TI,1109
IN,1312
NG,2110
GW,2728
WA,3629
AS,3535
ST,2071
TH,1345
HE,1745
EL,1744
LO,1192
OU,1103
UD,1701
DN,2078
NO,1346
OI,959
IS,2086
SE,2701
EI,1607
IN,1203
NT,1297
TH,1199
HE,1582
EN,1857
NE,1891
EI,1666
IG,1369
GH,1586
HB,1674
BO,1894
OR,1298
RI,800
IN,1285
NG,1586
GA,1534
AP,1140
PA,1395
AR,1548
RT,1462
TM,1509
ME,1552
EN,1478
NT,1329
TT,1494
TH,1296
HE,1507
EN,1762
NE,1362
EI,1307
IG,1484
GH,1487
HB,1402
BO,1599
OR,2101
RD,1993
DI,1480
ID,1885
DN,1988
NO,1280
OE,1089
EV,1387
VE,1494
EN,1294
NB,1282
BO,1307
OT,1323
TH,1111
HE,2044
ER,3034
RT,2096
TO,1409
OR,1803
RE,1896
ED,1483
DU,1388
UC,1503
CE,1908
ET,1798
TH,1273
HE,1890
EV,2098
VO,1385
OL,1598
LU,1706
UM,1400
ME,997
EA,1005
AL,1295
LT,1108
TT,1116
TL,1398
LE,1899
EB,1792
BI,1385
IT,2004
TU,2126
UN,1308
NA,1182
AB,894
BL,1002
LE,1655
ET,1448
TO,1241
OS,1352
SL,1396
LE,1110
EE,1013
EP,1198
PA,1399
AN,1495
ND,1694
DR,1801
RE,1897
ED,2194
DW,1714
WI,1111
IT,1590
TH,2199
HR,2606
RA,2899
AG,1996
GE,1974
EB,2272
BU,1744
UT,1855
TS,1320
SH,815
HE,1563
ET,1662
TR,1357
RI,1263
IE,1011
ED,1668
DB,1967
BE,2112
ES,2131
ST,1724
TN,1512
NO,1113
OT,1326
TT,1421
TO,1386
OL,1574
LO,1236
OS,1442
SE,1888
EH,1496
HE,1505
ER,2209
RT,2263
TE,1779
EM,1624
MP,1495
PE,1594
ER,2031
RV,1940
VE,1759
ER,1744
RY,1790
YT,1717
TR,1424
RI,1296
IE,1120
ED,1716
DS,1993
SH,1417
HE,1922
EW,2909
WA,3607
AS,3246
ST,1957
TO,1220
OE,1205
EV,1280
VE,1275
EN,1397
NT,1697
TH,1588
HI,1299
IN,1541
NK,1636
KO,1088
OF,1688
FG,2090
GO,1284
OI,1197
IN,1236
NG,1752
GA,1823
AN,1490
ND,1825
DT,1575
TA,1351
AL,1406
LK,1292
KI,1300
IN,1196
NG,1702
GT,1910
TO,1712
OH,1640
HE,1240
ER,1695
RN,1871
NE,1308
EI,1215
IG,1088
GH,1311
HB,1621
BO,1367
OR,1843
RW,2486
WH,1604
HA,1264
AT,1863
TT,1804
TO,1403
OD,1412
DO,1504
OS,1945
SH,1952
HE,1510
EW,1709
WA,2991
AS,3488
SA,2093
AL,1383
LS,1614
SO,1424
OF,1501
FR,1742
RI,1225
IG,1092
GH,1099
HT,1457
TT,1577
TE,1407
EN,1391
NE,1600
ED,2006
DT,1416
TO,1107
OO,1306
OP,1505
PE,1696
EN,1406
NT,1210
TH,897
HE,1541
ED,2158
DO,1517
OR,1109
RR,1102
RA,1594
AT,1986
TN,1640
NI,1353
IG,1286
GH,1283
HT,1703
TX,2086
XE,1626
EN,1020
NI,1078
IA,1097
AL,1112
LK,1316
KI,1118
IN,1116
ND,1802
DO,1596
OF,1713
FA,2016
AP,1307
PE,1506
ER,1895
RS,1399
SO,1140
ON,1240
NS,1396
SH,1298
HE,1657
EA,1910
AL,1264
LW,2301
WA,3992
AY,2837
YS,1738
SW,2101
WA,3093
AS,3453
ST,1951
TO,1198
OA,1403
AL,1443
LL,1097
LH,1046
HE,1396
ER,1895
RN,1699
NE,1407
EI,1402
IG,1253
GH,1347
HB,1564
BO,1474
OR,1198
RS,1692
SY,1796
YE,1348
ES,1362
ST,1397
TH,1385
HE,1892
EN,1896
NO,1407
OI,1296
IS,1652
SE,2154
EW,2495
WA,3595
AS,3602
SS,2093
SO,1284
OM,1110
MU,1217
UC,1397
CH,1307
HI,1319
IR,1317
RR,1106
RI,794
IT,1058
TA,1362
AT,1304
TI,1339
IN,1450
NG,1816
GB,1544
BU,1181
UT,1541
TS,1701
SH,1555
HE,1853
ES,1897
SU,1584
UF,1391
FF,1408
FE,1903
ER,2247
RE,1947
ED,1856
DI,1648
IT,1490
TA,1493
AL,1186
LL,1389
LZ,1893
ZZ,2194
ZZ,2209
ZZ,2201
ZZ,2196
ZZ,2217
ZA,1711
AN,1165
ND,1758
DF,1984
FI,1381
IN,1188
NA,1104
AL,901
LL,1084
LY,1597
YS,1309
SH,1054
HE,1706
EM,1754
MA,1598
AN,1892
NA,1596
AG,1209
GE,1158
ED,1545
DT,1502
TO,1096
OS,1387
SO,1390
OM,1276
ME,1486
EH,1454
HO,1141
OW,1463
WD,1668
DO,1300
OZ,1303
ZE,1603
EO,1510
OF,1153
FF,1549
FT,1904
TO,1492
OS,1281
SL,1387
LE,1193
EE,1212
EP,1368
PD,1934
DA,2079
AY,1399
YA,1353
AB,1552
BI,1399
IG,1597
GC,2246
CA,2065
AT,1359
TD,1883
DR,2041
RA,1290
AN,1186
NK,1293
KE,1249
EG,1151
GG,1054
GS,1156
SF,1399
FR,1146
RO,1045
OM,1050
MG,903
GA,1250
AR,1550
RD,1550
DE,1349
EN,1137
NH,1286
HE,1243
EN,1237
NS,1546
SI,1554
IT,1698
TJ,1601
JO,1416
OK,1516
KE,1507
ED,1713
DK,1516
KN,1102
NO,1097
OC,1301
CK,1303
KE,1293
ED,1892
DL,1806
LE,1301
EF,1493
FT,1698
TM,1605
MO,1409
OR,1602
RE,1497
EN,1306
NO,1397
ON,1495
NS,1703
SE,1597
EN,1202
NS,1497
SE,2178
EO,1885
OR,1889
RP,1981
PO,1387
OR,1300
RK,1404
KQ,1495
QU,1502
UI,1495
IC,1687
CK,1595
KL,1299
LY,1208
YR,2160
RA,2664
AN,1510
NS,1101
SI,1302
ID,1602
DW,2200
WA,1990
AY,1390
YS,1287
ST,1290
TO,1203
OU,1300
UN,1304
ND,1160
DE,1850
ER,2341
RV,1642
VI,1364
IK,1374
KI,1200
IN,1194
NG,1011
GS,1166
SW,1500
WE,1491
ET,1345
TX,1201
XR,2159
RA,2556
AY,1592
YY,1307
YO,1355
ON,1272
ND,1526
DE,1853
ER,1757
RZ,1396
ZO,1200
OO,1303
OA,1996
AD,1857
DD,1455
DI,1521
IT,1468
TI,1445
IO,1359
ON,1463
NA,1705
AL,1686
LB,1391
BR,1335
RI,1530
IC,1930
CK,1977
KS,1547
SC,1401
CA,1403
AU,1205
US,1704
SE,1996
ED,1788
DA,1727
AM,1575
MA,1644
AG,1653
GE,1335
EL,1183
LE,1294
EX,1493
XC,1442
CL,1343
LA,1248
AI,1396
IM,1543
ME,1446
ED,1749
DF,1800
FA,1796
AT,1790
TG,1495
GE,1245
EN,1191
NI,1345
IU,1343
US,1531
SH,1604
HA,1621
AR,1396
RR,1193
RY,1501
YI,1496
IN,1298
NJ,966
JU,963
UL,1149
LL,1200
LK,1510
KI,1361
IL,990
LL,1093
LE,1398
ER,1694
RL,1385
LL,1233
LA,1594
AM,1453
MA,2000
AS,2537
SM,1447
MA,1404
AS,1720
SS,1259
SA,1139
AC,1256
CR,1502
RE,1538
ED,1566
DN,1375
NI,1197
IN,1183
NE,1590
EO,1615
OL,1443
LD,1881
DP,1706
PE,1457
EO,1409
OP,1206
PL,1197
LE,1671
EQ,1656
QU,1323
UI,1518
IC,1579
CK,1560
KL,1363
LY,1403
YR,1646
RI,1545
IC,1299
CK,1304
KS,1850
SA,2251
AW,2050
WT,1747
TE,1764
EN,1660
NU,1210
UN,1108
NU,1299
US,1437
SU,1432
UA,1135
AL,1087
LV,1510
VA,1567
AN,1304
NS,1294
SW,1500
WI,1344
IT,1239
TH,1339
HX,1639
XE,1753
EN,1353
NI,1394
IA,1398
AL,1198
LY,1252
YO,1450
OU,1427
UN,1579
NT,1639
TH,1360
HF,1356
FU,1288
UL,1303
LZ,1696
ZO,1587
OE,1195
EA,1799
AB,1992
BO,1339
OY,1345
YC,1559
CA,1364
AN,1261
ND,1358
DO,1196
OE,1193
EV,1236
VE,1835
ER,2198
RY,1545
YT,1243
TH,1169
HI,1271
IN,1296
NG,1393
GF,1495
FO,1244
OR,1241
RG,1447
GI,1355
IR,1366
RL,1358
LH,1200
HI,1109
IS,1151
SI,1189
IN,1190
NT,1249
TE,2197
ER,2736
RE,1839
ES,1500
ST,1803
TJ,1441
JU,1143
US,1542
ST,1688
TK,1555
KI,1289
IN,1278
ND,1536
DL,1546
LE,1393
ED,1489
DM,1400
MO,1189
OS,1488
ST,1699
TL,1486
LY,1588
YN,1501
NO,1195
OT,1393
TO,1598
OF,1991
FP,1693
PA,1505
AS,1604
SS,1301
SI,1297
IO,1200
ON,1200
NQ,1291
QU,1389
UE,1290
ES,1407
ST,1500
TI,1286
IO,1394
ON,1396
NI,988
IN,1086
NG,1688
GR,2070
RE,1977
EA,1791
AS,1486
SO,1200
ON,1207
NI,1199
IN,1201
NG,1199
GS,1502
SE,1596
EN,1187
NT,1395
TI,1600
IM,1306
ME,1410
EN,1512
NT,1706
TT,1696
TH,1301
HO,1299
OU,1598
UG,1599
GH,1398
HU,1399
US,1484
SU,1480
UA,1197
AL,1003
LL,1099
LY,1199
YV,1406
VE,1609
ER,1403
RY,1302
YW,1699
WE,1695
EL,1194
LL,1094
LE,1197
EX,1403
XE,1507
EM,1402
MP,1298
PT,1500
TI,1501
IN,1206
NG,1802
GY,1693
YO,999
OU,1208
UR,1817
RZ,1820
ZO,1310
ON,1196
NE,1390
EA,2100
AL,1804
LW,1999
WA,2798
AY,1887
YS,1487
SB,1396
BR,1103
RI,1003
IN,901
NG,1407
GC,1498
CO,1293
OC,1290
CK,1190
KE,1199
ED,1499
DD,1487
DI,1286
IN,1299
NN,1388
NE,1686
ER,1698
RE,2000
EJ,1992
JA,1587
AC,1491
CU,1294
UL,1090
LA,1297
AT,1299
TE,1390
EF,1608
FO,1206
OR,1593
RG,1992
GR,1682
RE,1350
EE,1163
EN,1102
NH,1086
HI,984
IP,1156
PP,1556
PO,1496
OS,1352
SI,1555
IJ,1502
JU,1249
US,1546
ST,1495
TK,1300
KI,1305
IL,1149
LL,1250
LE,1313
ED,1556
DL,1438
LE,1143
EM,1154
MM,1103
MY,1545
YM,1545
MA,1145
AG,1051
GI,1393
IK,1533
KO,1235
OO,1289
OP,1545
PA,1646
AN,1400
NO,1203
OO,1206
OR,1300
RA,1697
AN,1901
NG,1605
GE,1502
ES,1902
SP,1703
PE,994
EE,996
EL,1290
LQ,1292
QU,1306
UI,1499
IE,1595
ET,1497
TL,1393
LY,1396
YR,1400
RE,1689
EA,1889
AL,1398
LL,1303
LY,1710
YS,1505
SO,1199
OM,1201
ME,1300
ET,1503
TI,1305
IM,1198
ME,1488
ES,1889
ST,1592
TH,895
HE,1601
EU,1895
UM,1264
MB,1368
BR,1542
RE,1735
EL,1651
LL,1359
LA,1356
AS,1354
SV,1638
VI,1841
IO,1940
OL,1935
LA,1635
AT,1742
TE,1946
EW,2440
WA,2590
AN,1484
NK,1088
KI,1340
IN,1240
NG,1437
GX,1742
XE,1500
EN,1125
NO,1127
OP,1297
PH,1228
HO,1338
OB,1409
BI,1200
IC,1496
CY,1505
YE,1296
ET,1295
TI,1213
IS,1599
SZ,1546
ZI,1167
IN,1172
NC,1452
CI,1453
IF,1677
FY,1804
YA,1892
AM,1659
MA,1165
AZ,1303
ZI,1205
IN,1093
NG,1081
GL,1348
LY,1445
YB,1380
BI,1275
IL,1232
LL,1343
LC,1455
CA,1555
AR,1407
RR,1432
RI,1425
IE,1299
ED,1740
DD,2238
DI,1902
IA,1395
AN,1290
NN,1299
NE,1890
EE,1883
EN,1193
NT,1397
TI,1599
IR,1881
RE,1994
EL,1415
LY,1400
YF,1497
FR,1331
RO,1335
OM,1404
MG,1300
GR,1500
RE,1994
EA,2000
AT,1684
TH,1467
HE,1287
EI,1313
IG,1419
GH,1409
HT,1203
TS,1087
SI,1290
IN,1303
NT,1197
TE,2295
ER,2814
RS,3116
SE,3284
ES,2097
ST,1424
TI,1217
IN,1200
NG,1291
GY,1399
YJ,1403
JE,1401
ER,1290
RR,1290
RO,1400
OD,1402
DK,1295
KI,1185
IN,1189
ND,1390
DL,1388
LY,1698
YL,1698
LA,1395
AU,1698
UD,1997
DE,2099
ED,2000
DM,1696
MA,1197
AN,1199
NY,1503
YN,1404
NO,1203
ON,1200
NO,1189
OP,1192
PP,1297
PO,1296
OS,1308
SI,1211
IN,1098
NG,1297
GP,1302
PE,1203
EO,1206
OP,1302
PL,1399
LE,1500
EQ,1283
QU,1085
UI,1207
IE,1603
ET,1595
TL,1302
LY,1292
YR,1633
RU,1653
US,1304
ST,1699
TY,2202
YS,2108
SU,1403
UD,897
DD,1255
DE,1555
EN,1307
NL,1188
LY,1278
YT,1195
TE,1495
EA,1995
AR,1887
RE,1780
ED,1801
DU,1615
UP,1406
PV,1398
VI,1299
IO,1295
OL,1293
LE,1401
EN,1508
NT,1504
TL,1392
LY,1393
YW,1696
WN,1600
NE,1494
ET,1893
TX,2012
XE,1595
EN,1488
NO,1491
OP,1390
PH,1301
HO,1387
OB,1389
BI,1198
IC,1188
CY,1083
YE,900
ES,1110
SZ,1798
ZO,1750
OO,1559
OE,1420
EY,1248
YA,2138
AN,1983
NO,1174
OT,1247
TH,1252
HE,2003
ER,2714
RC,2207
CO,1482
OL,1483
LD,2088
DC,2292
CA,1953
AN,1351
NS,1098
SN,1198
NO,1197
OW,1394
WY,1500
YW,1508
WI,1396
IN,1275
NT,1384
TE,2401
ER,2898
RN,1916
NI,1377
IG,1259
GH,1326
HT,1671
TI,1514
IT,1479
TW,2255
WA,4102
AS,4454
SB,2296
BU,1225
UT,1575
TT,1823
TR,1678
RI,1512
IE,1457
ED,1846
DT,1894
TO,1410
OC,1208
CL,1475
LO,1381
OS,1512
SE,2152
EH,1615
HE,1176
ER,1617
RE,1824
EY,1727
YE,1621
ES,1829
SA,1823
AN,1437
ND,1640
DG,1640
GO,1240
OT,1201
TO,1204
OS,1223
SL,1220
LE,893
EE,990
EP,1462
PC,1859
CU,1897
UD,1673
DD,1762
DL,1302
LE,1100
ED,1679
DU,1394
UN,904
ND,1031
DE,2068
ER,2637
RN,1864
NE,1662
EA,1800
AT,1755
TH,1756
HT,1501
TH,1317
HE,2033
EB,1902
BL,1087
LA,1397
AN,1491
NK,1197
KE,1582
ET,2077
TA,1928
AN,1427
